kras_position,kras_residue,alignment_column,entropy
1,M,26,2.1961842801104283
2,T,27,2.3082571445782807
3,E,28,1.349161697515666
4,Y,29,1.1897754850560949
5,K,30,0.23521495444490528
6,L,31,1.0267761539278641
7,V,32,0.735721526785482
8,V,33,1.2180339460628786
9,V,34,1.0461231117008942
10,G,35,-0.0
11,A,36,1.9611574287789912
12,G,37,0.16836329850940127
13,G,38,-0.0
14,V,39,0.08426242877623302
15,G,40,-0.0
16,K,41,-0.0
17,S,42,0.3795243778626806
18,A,43,0.4997633040743118
19,L,44,0.6702299397231289
20,T,45,-0.0
21,I,46,1.3134070449644701
22,Q,47,-0.0
23,L,48,0.9992805310649711
24,I,49,1.3645097078305053
25,Q,50,1.193665149721849
26,N,51,2.2156383936550896
27,H,52,1.8864407520750222
28,F,53,0.08426242877623302
29,V,54,0.7757642414104572
30,D,55,1.5889976913613497
31,E,56,1.764659717743095
32,Y,57,0.2974722489192896
33,D,58,0.4854607607459134
34,P,59,-0.0
35,T,60,-0.0
36,I,61,0.5680246139910585
37,E,62,0.4854607607459134
38,D,63,0.2523008719388933
39,S,64,0.38090912590519815
40,Y,65,0.08426242877623302
41,R,66,0.7112839874061828
42,K,67,0.5983716963203918
43,Q,68,0.885093219794091
44,V,69,1.0984734596552688
45,V,70,1.9130669635713835
46,I,71,1.1518986953256216
47,D,72,-0.0
48,G,73,2.0026874267547594
49,E,74,1.4683044794176818
50,T,75,2.493517700854932
51,C,76,1.7583400207968554
52,L,77,2.107588041778798
53,L,78,0.4854607607459134
54,D,79,0.6540800387941991
55,I,80,0.6540800387941991
56,L,81,0.08426242877623302
57,D,82,-0.0
58,T,83,-0.0
59,A,84,-0.0
60,G,85,-0.0
61,Q,86,0.6294470358326664
62,E,87,0.6322337242027414
63,E,88,1.0943284764295194
64,Y,89,1.0491495475101213
65,S,90,1.5636515471267796
66,A,91,-0.0
67,M,92,0.7645712011236668
68,R,93,-0.0
69,D,94,0.8467017116008209
70,Q,95,1.2770852419898795
71,Y,96,0.46261804419155217
72,M,97,0.9215282716618222
73,R,98,0.5759084429149788
74,T,99,1.860176569921269
75,G,100,0.25186284771956513
76,E,101,1.001577530880442
77,G,102,-0.0
78,F,103,0.08426242877623302
79,L,104,1.3001871065616828
80,C,105,1.2991013910724978
81,V,106,0.4431227355465376
82,F,107,0.9999200708207957
83,A,108,1.1036682050628108
84,I,109,0.8231386509173739
85,N,110,1.2684228433739582
86,N,111,2.1724266687235234
87,T,112,2.8632630311190015
88,K,113,2.563066277083498
89,S,114,0.5759084429149788
90,F,115,0.2312482403599459
91,E,116,2.5400714584786437
92,D,117,1.8664839749606439
93,I,118,1.7902727572488817
94,H,119,3.3784162695412956
95,H,120,3.4263991225589168
96,Y,121,1.5575728140138339
97,R,122,1.6751213383977097
98,E,123,1.5202890530202522
99,Q,124,0.38705424537387906
100,I,125,0.2567203307889913
101,K,126,1.977933941682705
102,R,127,0.3758806396860353
103,V,128,0.0857426825355025
104,K,129,0.5545964026364972
105,D,131,0.9807089261832098
106,S,132,2.937534616000754
107,E,133,1.335350652361177
108,D,134,2.6015957877462488
109,V,158,1.437098211418498
110,P,159,-0.0
111,M,160,1.797328180885703
112,V,161,1.6011830190382157
113,L,162,1.2057699658425869
114,V,163,0.4698070473864413
115,G,164,0.25593004383911305
116,N,165,-0.0
117,K,166,0.0857426825355025
118,C,167,1.5861068380299006
119,D,168,0.0857426825355025
120,L,169,0.23521495444490528
121,P,171,2.3571136488234212
122,S,172,3.2933153653378757
123,R,174,0.5143415576023155
124,T,175,2.423871681045963
125,V,176,0.20731018585948174
126,D,177,2.6477098721154015
127,T,178,3.1282213714726304
128,K,179,2.686062698718053
129,Q,180,1.4645935752792205
130,A,181,1.1385143584899047
131,Q,182,2.7084823009836856
132,D,183,2.666704509903268
133,L,184,1.3967601549805353
134,A,185,0.3543752633419493
135,R,186,2.06763915970046
136,S,187,2.5564513334653607
137,Y,188,2.1203373702473387
138,G,190,1.6965126651687472
139,I,191,2.0925242161753066
140,P,192,2.465221106106539
141,F,193,1.015875579726118
142,I,194,2.2953513891053516
143,E,195,0.0857426825355025
144,T,196,1.2570427521881593
145,S,197,-0.0
146,A,198,-0.0
147,K,199,0.38705424537387906
148,T,200,2.4488355672486777
149,R,201,1.0380269251684993
150,Q,202,2.8955257770831744
151,R,203,1.3704458100387842
152,V,204,0.5073882356949576
153,E,205,1.552276935842016
154,D,206,1.977837188092253
155,A,207,1.626521224566407
156,F,208,-0.0
157,Y,209,1.785150460550136
158,T,210,2.3195283598346346
159,L,211,0.8358786921557966
160,V,212,0.7760099126453622
161,R,213,0.0857426825355025
162,E,214,1.8742896282875368
163,I,215,0.7538275145266043
164,R,216,1.2568959926797567
165,Q,217,2.2738905718788573
166,Y,218,2.8923246956185906
167,R,219,2.995067125686481
168,L,220,3.2794103385177986
169,K,221,3.039365909346082
170,K,222,3.213590675429178
171,I,223,3.5406219440250415
172,S,224,3.157263907317572
173,K,225,3.340513216833021
174,E,226,3.3873778636912384
175,E,228,3.199567739088463
176,K,229,2.797004311657824
177,T,230,3.0726961218710658
178,P,231,3.222783907464945
179,G,232,2.7157832067345904
180,C,233,2.9504670230047148
181,V,234,2.836042692518307
182,K,236,3.5474758047312154
183,I,237,3.377851690851769
184,K,238,3.3096410225385084
185,K,390,2.5693211972556425
186,C,391,-0.0
187,I,392,2.9895586556957623
188,I,393,1.902368976955286
189,M,394,1.6175696870620406
