kras_position,kras_residue,alignment_column,entropy,mutation_count,in_drug_pocket
9,V,8,-0.0,0,True
10,G,9,-0.0,0,True
11,A,10,-0.0,0,True
12,G,11,0.2580186686648155,227,True
13,G,12,-0.0,11,True
16,K,15,-0.0,0,True
19,L,18,-0.0,2,False
22,Q,21,-0.0,2,False
34,P,33,-0.0,0,True
58,T,57,-0.0,0,True
59,A,58,-0.0,0,True
60,G,59,-0.0,1,True
61,Q,60,-0.0,19,True
62,E,61,-0.0,1,True
63,E,62,-0.0,1,True
68,R,67,-0.0,1,True
69,D,68,-0.0,0,True
72,M,71,-0.0,0,True
73,R,72,-0.0,1,False
95,H,94,1.829032892968444,0,True
96,Y,95,-0.0,0,True
99,Q,98,-0.0,0,True
100,I,99,-0.0,0,True
103,V,102,-0.0,0,True
117,K,116,0.2761954276479391,6,False
118,C,117,0.2761954276479391,1,False
146,A,145,-0.0,5,False
