sample_id,patient_id,protein_change,position,mutation_type,chromosome
SP102113,DO46586,G12V,12,Missense_Mutation,12
SP103866,DO47255,E62K,62,Missense_Mutation,12
SP103866,DO47255,Q61R,61,Missense_Mutation,12
SP106743,DO48552,R68M,68,Missense_Mutation,12
SP107030,DO48692,Q61H,61,Missense_Mutation,12
SP107770,DO49074,Q61H,61,Missense_Mutation,12
SP107781,DO49078,G12V,12,Missense_Mutation,12
SP107784,DO49079,G12V,12,Missense_Mutation,12
SP107786,DO49080,G12C,12,Missense_Mutation,12
SP107874,DO49113,G12V,12,Missense_Mutation,12
SP107915,DO49127,G12R,12,Missense_Mutation,12
SP107920,DO49129,G12D,12,Missense_Mutation,12
SP107945,DO49135,G12R,12,Missense_Mutation,12
SP107952,DO49137,G12D,12,Missense_Mutation,12
SP107956,DO49138,G12V,12,Missense_Mutation,12
SP108017,DO49166,G12D,12,Missense_Mutation,12
SP108020,DO49168,G12D,12,Missense_Mutation,12
SP108033,DO49172,G12D,12,Missense_Mutation,12
SP108049,DO49178,Q61H,61,Missense_Mutation,12
SP108059,DO49181,G12R,12,Missense_Mutation,12
SP108065,DO49183,G12D,12,Missense_Mutation,12
SP108068,DO49184,G12R,12,Missense_Mutation,12
SP108088,DO49193,G12D,12,Missense_Mutation,12
SP108123,DO49204,G12V,12,Missense_Mutation,12
SP109953,DO49954,G12D,12,Missense_Mutation,12
SP110736,DO32860,G12D,12,Missense_Mutation,12
SP110770,DO33168,G12R,12,Missense_Mutation,12
SP110789,DO34680,G12V,12,Missense_Mutation,12
SP110798,DO34336,G12R,12,Missense_Mutation,12
SP110816,DO34720,G12D,12,Missense_Mutation,12
SP110822,DO34640,G12D,12,Missense_Mutation,12
SP110824,DO34728,G12R,12,Missense_Mutation,12
SP110845,DO50307,G12D,12,Missense_Mutation,12
SP110849,DO50453,G13D,13,Missense_Mutation,12
SP111035,DO50451,G12C,12,Missense_Mutation,12
SP111069,DO50365,G12S,12,Missense_Mutation,12
SP111080,DO50396,G12D,12,Missense_Mutation,12
SP114032,DO51600,G12V,12,Missense_Mutation,12
SP115070,DO6474,K117R,117,Missense_Mutation,12
SP116949,DO51494,G12V,12,Missense_Mutation,12
SP116950,DO49460,G12R,12,Missense_Mutation,12
SP116962,DO35098,G12R,12,Missense_Mutation,12
SP116965,DO51493,G12V,12,Missense_Mutation,12
SP116968,DO51506,G12R,12,Missense_Mutation,12
SP116985,DO49439,G12D,12,Missense_Mutation,12
SP117001,DO49484,G12R,12,Missense_Mutation,12
SP117017,DO217850,G12D,12,Missense_Mutation,12
SP117037,DO51505,Q61L,61,Missense_Mutation,12
SP117040,DO49445,G12V,12,Missense_Mutation,12
SP117158,DO51513,G12D,12,Missense_Mutation,12
SP117164,DO49422,G12D,12,Missense_Mutation,12
SP117165,DO35424,G12V,12,Missense_Mutation,12
SP117201,DO49424,G12V,12,Missense_Mutation,12
SP117215,DO51473,G12V,12,Missense_Mutation,12
SP117216,DO35258,G12D,12,Missense_Mutation,12
SP117261,DO49420,G12D,12,Missense_Mutation,12
SP117290,DO49463,Q61H,61,Missense_Mutation,12
SP117291,DO49451,G12V,12,Missense_Mutation,12
SP117309,DO49466,G12R,12,Missense_Mutation,12
SP117323,DO35082,Q61H,61,Missense_Mutation,12
SP117332,DO218139,G13D,13,Missense_Mutation,12
SP117340,DO51469,G12D,12,Missense_Mutation,12
SP117351,DO51492,G12V,12,Missense_Mutation,12
SP117376,DO218180,G12D,12,Missense_Mutation,12
SP117412,DO51511,G12R,12,Missense_Mutation,12
SP117440,DO35305,G12V,12,Missense_Mutation,12
SP117441,DO49478,G13P,13,Missense_Mutation,12
SP117463,DO35126,G12V,12,Missense_Mutation,12
SP117476,DO51485,G12D,12,Missense_Mutation,12
SP117522,DO49454,G12R,12,Missense_Mutation,12
SP117523,DO49454,G12R,12,Missense_Mutation,12
SP117568,DO35236,Q61H,61,Missense_Mutation,12
SP117643,DO35350,G12R,12,Missense_Mutation,12
SP117648,DO51546,G12V,12,Missense_Mutation,12
SP117650,DO51509,G12V,12,Missense_Mutation,12
SP117653,DO49481,G12V,12,Missense_Mutation,12
SP117656,DO51495,G12V,12,Missense_Mutation,12
SP117660,DO51468,G12V,12,Missense_Mutation,12
SP117661,DO51483,G12D,12,Missense_Mutation,12
SP117690,DO49427,G12R,12,Missense_Mutation,12
SP117722,DO51540,G12D,12,Missense_Mutation,12
SP117745,DO49457,G12D,12,Missense_Mutation,12
SP117760,DO51507,Q61R,61,Missense_Mutation,12
SP117878,DO35144,G12V,12,Missense_Mutation,12
SP117908,DO35128,G12V,12,Missense_Mutation,12
SP117911,DO49436,G12R,12,Missense_Mutation,12
SP117949,DO51514,G12V,12,Missense_Mutation,12
SP117972,DO51544,G12D,12,Missense_Mutation,12
SP117974,DO51496,G12R,12,Missense_Mutation,12
SP118046,DO51518,G12D,12,Missense_Mutation,12
SP122725,DO220176,Q61H,61,Missense_Mutation,12
SP124460,DO220912,T20P,19,Missense_Mutation,12
SP125685,DO51472,G12V,12,Missense_Mutation,12
SP125686,DO51528,G12V,12,Missense_Mutation,12
SP125689,DO51520,G12D,12,Missense_Mutation,12
SP125693,DO51478,G12D,12,Missense_Mutation,12
SP125694,DO51490,G12D,12,Missense_Mutation,12
SP125695,DO35496,Q61H,61,Missense_Mutation,12
SP125696,DO51467,G12V,12,Missense_Mutation,12
SP125698,DO51530,G12R,12,Missense_Mutation,12
SP125699,DO35290,G12R,12,Missense_Mutation,12
SP125703,DO221539,G12R,12,Missense_Mutation,12
SP125704,DO35406,G12D,12,Missense_Mutation,12
SP125705,DO51542,G12D,12,Missense_Mutation,12
SP125706,DO51510,G12A,12,Missense_Mutation,12
SP125710,DO51484,G12V,12,Missense_Mutation,12
SP125711,DO51538,G12D,12,Missense_Mutation,12
SP125712,DO51497,G12R,12,Missense_Mutation,12
SP125713,DO221541,G12D,12,Missense_Mutation,12
SP125715,DO51488,G12V,12,Missense_Mutation,12
SP125717,DO51470,G12V,12,Missense_Mutation,12
SP125721,DO35376,G12D,12,Missense_Mutation,12
SP125722,DO221543,G12R,12,Missense_Mutation,12
SP125724,DO35136,Q61R,61,Missense_Mutation,12
SP125725,DO51524,G12D,12,Missense_Mutation,12
SP125726,DO51537,G12D,12,Missense_Mutation,12
SP125730,DO51523,G12D,12,Missense_Mutation,12
SP125731,DO51501,G12D,12,Missense_Mutation,12
SP125733,DO51499,G12R,12,Missense_Mutation,12
SP125737,DO51541,G12V,12,Missense_Mutation,12
SP125741,DO51531,G12D,12,Missense_Mutation,12
SP125742,DO35360,G12R,12,Missense_Mutation,12
SP125744,DO51480,G12V,12,Missense_Mutation,12
SP125745,DO49433,G12D,12,Missense_Mutation,12
SP125749,DO51535,G12V,12,Missense_Mutation,12
SP125752,DO51500,G13D,13,Missense_Mutation,12
SP125753,DO35230,G12D,12,Missense_Mutation,12
SP125755,DO51515,G12V,12,Missense_Mutation,12
SP125757,DO35454,G12R,12,Missense_Mutation,12
SP125758,DO51466,G12V,12,Missense_Mutation,12
SP125760,DO51481,G12V,12,Missense_Mutation,12
SP125761,DO51512,G12D,12,Missense_Mutation,12
SP125762,DO51536,G12R,12,Missense_Mutation,12
SP125763,DO51527,G12D,12,Missense_Mutation,12
SP125764,DO49419,G12R,12,Missense_Mutation,12
SP125766,DO51549,G12V,12,Missense_Mutation,12
SP125768,DO51529,G12R,12,Missense_Mutation,12
SP125769,DO221542,G12D,12,Missense_Mutation,12
SP125770,DO51474,G12R,12,Missense_Mutation,12
SP125771,DO35116,G12V,12,Missense_Mutation,12
SP125772,DO35222,Q61H,61,Missense_Mutation,12
SP125775,DO51477,G12V,12,Missense_Mutation,12
SP125776,DO35198,G12V,12,Missense_Mutation,12
SP125777,DO221547,G12D,12,Missense_Mutation,12
SP125778,DO221545,G12D,12,Missense_Mutation,12
SP125780,DO51543,G12R,12,Missense_Mutation,12
SP125781,DO35228,G12D,12,Missense_Mutation,12
SP125783,DO51504,G12R,12,Missense_Mutation,12
SP125784,DO221546,G12D,12,Missense_Mutation,12
SP125785,DO51522,G12D,12,Missense_Mutation,12
SP125786,DO51486,G12V,12,Missense_Mutation,12
SP125791,DO51498,G12D,12,Missense_Mutation,12
SP125793,DO51525,G12H,12,Missense_Mutation,12
SP125794,DO51534,G12V,12,Missense_Mutation,12
SP125795,DO51519,G12D,12,Missense_Mutation,12
SP125802,DO51532,G12V,12,Missense_Mutation,12
SP125804,DO221544,Q61L,61,Missense_Mutation,12
SP125805,DO49448,G12R,12,Missense_Mutation,12
SP125807,DO221540,G12D,12,Missense_Mutation,12
SP125809,DO51548,G12V,12,Missense_Mutation,12
SP125811,DO51533,G12V,12,Missense_Mutation,12
SP16886,DO7801,K117N,117,Missense_Mutation,12
SP16886,DO7801,Q22K,22,Missense_Mutation,12
SP17016,DO7858,G12V,12,Missense_Mutation,12
SP17294,DO7990,G12V,12,Missense_Mutation,12
SP17329,DO8004,G12V,12,Missense_Mutation,12
SP18121,DO8360,G13D,13,Missense_Mutation,12
SP18121,DO8360,A146T,146,Missense_Mutation,12
SP18787,DO8658,G12D,12,Missense_Mutation,12
SP18946,DO8730,K117N,117,Missense_Mutation,12
SP19295,DO8898,A146T,146,Missense_Mutation,12
SP19670,DO9074,K117N,117,Missense_Mutation,12
SP19983,DO9226,G12D,12,Missense_Mutation,12
SP21193,DO9788,G12V,12,Missense_Mutation,12
SP21400,DO9876,G13D,13,Missense_Mutation,12
SP22031,DO10172,A146T,146,Missense_Mutation,12
SP50321,DO23610,G12C,12,Missense_Mutation,12
SP50406,DO23648,G12D,12,Missense_Mutation,12
SP50485,DO23687,G12A,12,Missense_Mutation,12
SP52232,DO24467,G12V,12,Missense_Mutation,12
SP52779,DO24729,G12V,12,Missense_Mutation,12
SP54363,DO25444,G12V,12,Missense_Mutation,12
SP55509,DO25985,G12C,12,Missense_Mutation,12
SP56941,DO26653,C118S,118,Missense_Mutation,12
SP57818,DO27067,G12A,12,Missense_Mutation,12
SP69565,DO32831,G12D,12,Missense_Mutation,12
SP69573,DO32833,G12D,12,Missense_Mutation,12
SP69587,DO32837,G12D,12,Missense_Mutation,12
SP69705,DO32863,G12D,12,Missense_Mutation,12
SP69762,DO32878,G12V,12,Missense_Mutation,12
SP69812,DO32893,G12V,12,Missense_Mutation,12
SP69898,DO32916,G12R,12,Missense_Mutation,12
SP70046,DO32960,G12V,12,Missense_Mutation,12
SP70082,DO32972,G12D,12,Missense_Mutation,12
SP70122,DO32984,G12R,12,Missense_Mutation,12
SP70178,DO33000,G12V,12,Missense_Mutation,12
SP70202,DO33008,G12V,12,Missense_Mutation,12
SP70266,DO33028,G12D,12,Missense_Mutation,12
SP70288,DO33032,Q61K,60,Missense_Mutation,12
SP70313,DO33042,G12D,12,Missense_Mutation,12
SP70677,DO33128,G12D,12,Missense_Mutation,12
SP70756,DO33160,G12R,12,Missense_Mutation,12
SP70780,DO33152,G12R,12,Missense_Mutation,12
SP70860,DO33184,G12V,12,Missense_Mutation,12
SP70932,DO33200,G12D,12,Missense_Mutation,12
SP70956,DO33208,Q61H,61,Missense_Mutation,12
SP71084,DO33248,G12R,12,Missense_Mutation,12
SP71132,DO33264,G12D,12,Missense_Mutation,12
SP71228,DO33288,G12D,12,Missense_Mutation,12
SP71404,DO33344,G12D,12,Missense_Mutation,12
SP71456,DO33368,G12D,12,Missense_Mutation,12
SP71480,DO33376,G12R,12,Missense_Mutation,12
SP71536,DO33392,Q61H,61,Missense_Mutation,12
SP71552,DO33400,G12R,12,Missense_Mutation,12
SP71576,DO33408,G12D,12,Missense_Mutation,12
SP71734,DO33472,G12V,12,Missense_Mutation,12
SP71758,DO33480,Q61H,61,Missense_Mutation,12
SP71846,DO33512,G12R,12,Missense_Mutation,12
SP71950,DO33544,Q61H,61,Missense_Mutation,12
SP71974,DO33552,G12D,12,Missense_Mutation,12
SP72262,DO32875,G12D,12,Missense_Mutation,12
SP73263,DO33960,G12D,12,Missense_Mutation,12
SP73319,DO33984,G12V,12,Missense_Mutation,12
SP74896,DO34312,G12D,12,Missense_Mutation,12
SP75322,DO34448,G12V,12,Missense_Mutation,12
SP75681,DO34264,G12R,12,Missense_Mutation,12
SP75977,DO34600,G12D,12,Missense_Mutation,12
SP76001,DO34608,G12V,12,Missense_Mutation,12
SP76017,DO34288,G12R,12,Missense_Mutation,12
SP76057,DO34616,G12V,12,Missense_Mutation,12
SP76136,DO32900,G12D,12,Missense_Mutation,12
SP76353,DO34656,G12D,12,Missense_Mutation,12
SP76515,DO34696,G12V,12,Missense_Mutation,12
SP76675,DO34736,G12V,12,Missense_Mutation,12
SP76843,DO34785,G12R,12,Missense_Mutation,12
SP76867,DO34793,G12D,12,Missense_Mutation,12
SP76915,DO34809,G12V,12,Missense_Mutation,12
SP76955,DO34817,G12R,12,Missense_Mutation,12
SP77131,DO34849,G12R,12,Missense_Mutation,12
SP77203,DO34905,G12D,12,Missense_Mutation,12
SP77866,DO35132,G12D,12,Missense_Mutation,12
SP77888,DO35148,G12D,12,Missense_Mutation,12
SP77930,DO35184,G12D,12,Missense_Mutation,12
SP77956,DO35118,G12D,12,Missense_Mutation,12
SP77972,DO35186,G12V,12,Missense_Mutation,12
SP77986,DO35200,G12V,12,Missense_Mutation,12
SP78013,DO35152,G12D,12,Missense_Mutation,12
SP78502,DO35216,G12V,12,Missense_Mutation,12
SP78533,DO35085,G12D,12,Missense_Mutation,12
SP79383,DO36080,R73M,73,Missense_Mutation,12
SP79383,DO36080,E63K,63,Missense_Mutation,12
SP79419,DO36115,Q22K,22,Missense_Mutation,12
SP79419,DO36115,L19F,19,Missense_Mutation,12
SP79971,DO36254,G12A,12,Missense_Mutation,12
SP80271,DO36386,G12F,12,Missense_Mutation,12
SP80615,DO36556,A146T,146,Missense_Mutation,12
SP80657,DO36572,A146T,146,Missense_Mutation,12
SP80754,DO36619,K117N,117,Missense_Mutation,12
SP81172,DO36822,G13D,13,Missense_Mutation,12
SP81440,DO36945,G12C,12,Missense_Mutation,12
SP81494,DO36969,G12D,12,Missense_Mutation,12
SP81840,DO37138,G13D,13,Missense_Mutation,12
SP82087,DO37259,G12C,12,Missense_Mutation,12
SP82532,DO37474,G12D,12,Missense_Mutation,12
SP84392,DO38380,G13D,13,Missense_Mutation,12
SP84858,DO38603,G12C,12,Missense_Mutation,12
SP84982,DO38663,G13D,13,Missense_Mutation,12
SP92268,DO42209,G13C,13,Missense_Mutation,12
SP92659,DO42400,G12V,12,Missense_Mutation,12
SP94540,DO43314,G12A,12,Missense_Mutation,12
SP96112,DO44087,G12C,12,Missense_Mutation,12
SP96114,DO44088,G12V,12,Missense_Mutation,12
SP96116,DO44089,G12D,12,Missense_Mutation,12
SP96120,DO44091,G12C,12,Missense_Mutation,12
SP96122,DO44092,K117N,117,Missense_Mutation,12
SP96126,DO44094,G12V,12,Missense_Mutation,12
SP99225,DO45251,Q61H,61,Missense_Mutation,12
SP99321,DO45297,G12V,12,Missense_Mutation,12
